Hostname,Username,SshKey
afb1aplrsa01r.allfunds.bank,,
afb1linbfla03d.allfunds.bank,,
afb1linporp01.allfunds.bank,,
afb1login01.allfunds.bank,,
afb2aplrsa02r.allfunds.bank,,
afb2lingwp01.allfunds.bank,,
afbrobotrpa03.allfunds.bank,,
afbrobotrpa04.allfunds.bank,,
afbrobotrpa05.allfunds.bank,,
afbrobotrpa06.allfunds.bank,,
afbrobotrpa07.allfunds.bank,,
afbrobotrpa08.allfunds.bank,,
afbrobotrpa09.allfunds.bank,,
afbrobotrpa10.allfunds.bank,,
afbrobotrpa11.allfunds.bank,,
afbrobotrpa12.allfunds.bank,,
afbrobotrpa13.allfunds.bank,,
afbrobotrpa14.allfunds.bank,,
afbrobotrpa16.allfunds.bank,,
afbrobotrpa17.allfunds.bank,,
afbrobotrpa18.allfunds.bank,,
afbrobotrpa19.allfunds.bank,,
afbrobotrpa20.allfunds.bank,,
afbrobotrpa21.allfunds.bank,,
afbrobotrpa22.allfunds.bank,,
afb1linapir01.allfunds.bank,,
afb1linbexc01d.allfunds.bank,,
afb1linbfla01d.allfunds.bank,,
afb1linbfla02d.allfunds.bank,,
afb1linbitx01d.allfunds.bank,,
afb1linbitx02d.allfunds.bank,,
afb1linbitx03d.allfunds.bank,,
afb1linbpay01d.allfunds.bank,,
afb1linbxge01d.allfunds.bank,,
afb1linctm02d.allfunds.bank,,
afb1linctm02r.allfunds.bank,,
afb1lindat01r.allfunds.bank,,
afb1lindat02r.allfunds.bank,,
afb1lindat03r.allfunds.bank,,
afb1liness01d.allfunds.bank,,
afb1liness01r.allfunds.bank,,
afb1liness02r.allfunds.bank,,
afb1linftp01r.allfunds.bank,,
afb1lingwi01.allfunds.bank,,
afb1linihs01d.allfunds.bank,,
afb1linlogp01.allfunds.bank,,
afb1linlrs01d.allfunds.bank,,
afb1linlrw01d.allfunds.bank,,
afb1linmq01d.allfunds.bank,,
afb1linmq01r.allfunds.bank,,
afb1linnfs01r.allfunds.bank,,
afb1linreg01d.allfunds.bank,,
afb1linreg01r.allfunds.bank,,
afb1linwas01d.allfunds.bank,,
afb2aplrsa01d.allfunds.bank,,
afb2liness01r.allfunds.bank,,
afb2liness02r.allfunds.bank,,
afb2linmq01r.allfunds.bank,,
afb2linsmt01r.allfunds.bank,,
afbdldb2lifer01.allfunds.bank,,
afbdlwwslifer01.allfunds.bank,,
afbildb2lifer01.allfunds.bank,,
afbilwaslifer01.allfunds.bank,,
afbilwaslifer02.allfunds.bank,,
afblvdposti0001.allfunds.bank,,
afblvdullkd0001.allfunds.bank,,
afblvdullkd0002.allfunds.bank,,
afblvdullki0001.allfunds.bank,,
afblvdullki0002.allfunds.bank,,
afblvdullki0003.allfunds.bank,,
afblvdullki0004.allfunds.bank,,
afblvdullkp0002.allfunds.bank,,
afblvdullkp0003.allfunds.bank,,
afblvdullkp0004.allfunds.bank,,
afbpldb2lifer01.allfunds.bank,,
afbplwaolifer01.allfunds.bank,,
afbplwaolifer02.allfunds.bank,,
afbplwarlifer01.allfunds.bank,,
afbrobotrpa01.allfunds.bank,,
afbrobotrpa02.allfunds.bank,,
afbrobotrpa15.allfunds.bank,,
bvafliriid01.allfunds.bank,,
bvafliriid02.allfunds.bank,,
bvafliriii01.allfunds.bank,,
bvafliriii02.allfunds.bank,,
bvaflirind01.allfunds.bank,,
bvaflirini01.allfunds.bank,,
bvafliriwd01.allfunds.bank,,
bvafliriwd02.allfunds.bank,,
bvafliriwi01.allfunds.bank,,
bvafliriwi02.allfunds.bank,,
bvaflnfssp01.allfunds.bank,,
bvafloraqd01.allfunds.bank,,
bvafloraqi01.allfunds.bank,,
bvaflwebrp02.allfunds.bank,,
securemail.allfunds.com,,